chain,country,pct_chain_n_1,pct_chain_n_2,pct_chain_n_3,a3,b3,L3,a4,b4,L4,a4',b4',L4',prevalence,LD,a,error_a,b,error_b,L,error_L,first_week_date
53 + 100,DK,0.0200752823086574,0.0380237345604262,0.0689025781428245,1.62952926675054,23.7352845969521,40153.018043119,1.2902033441801202,3.72941916923478,0.347427651034607,-0.33932592257042016,-20.00586542771732,-40152.67061546797,1,,1.52362462035326,0.0571631785880504,6.07990280993374,0.0658456404204811,0.971457013849466,0.005708662530313871,2021-01-03
105 + 123,DK,0.34279918864097303,0.682048915551453,0.8686398403724641,0.689119602973413,0.402161366550624,0.962241722124025,0.710576829317864,0.42123155813718394,0.972926090920652,0.02145722634445102,0.01907019158655998,0.010684368796626929,1,18.0,0.770322429200478,0.474708349167616,0.435209040918165,0.38399985867781394,1.03069227349852,0.20064425315477805,2021-06-27
151,DK,0.0218090311757304,0.0850597609561753,0.195210925077167,0.7264525606653092,1.90356371378853,0.36843879137641994,1.20876837446346,3.6703137879029,0.8680011845505871,0.482315813798151,1.76675007411437,0.499562393174167,1,33.0,1.30360217145964,0.22283265865454896,3.66934662949583,0.250372832307233,0.8490860706618101,0.0191499600084333,2021-12-19
216 + 257,DK,0.0572105619498984,0.178321678321678,0.35632670334320704,0.844309951245044,1.93829624821534,0.694042187441622,0.9837585290613091,2.3173606922398196,0.8286358405272941,0.13944857781626496,0.3790644440244799,0.13459365308567195,1,5.0,1.31962964484875,0.087735974256569,2.90323404796673,0.095646313769679,1.00414577319561,0.009517266253821679,2022-05-22
303 + 378 + 412,DK,0.0648670427074939,0.0568927789934354,0.0935162094763092,2.6716011437320497,34.1691660373716,17095.087381902198,2.12091279913607,3.3439042310603195,0.292979832349086,-0.5506883445959803,-30.825261806311282,-17094.794402069852,1,16.0,3.1572431228453497,0.20776420977555202,7.720827178150341,0.228613482602874,0.959076997935624,0.0112560241176962,2023-01-08
418,DK,0.35621521335807005,0.508064516129032,0.627450980392156,1.68758085440866,0.8600400340927841,0.9589082906152969,1.7459165621647799,0.9508638543657829,0.982615788108171,0.058335707756120174,0.09082382027299908,0.02370749749287393,1,42.0,1.67329411506647,0.0365093807590519,0.8786611325410971,0.0276934397807024,0.963578113107483,0.0039806512707483204,2023-11-12
52,DE,0.0915032679738562,0.111318118304611,0.16546762589928,2.9276758570516903,38.002621128300206,36501.6299321305,2.2844898291716804,32.5546009959683,108016.11624137199,-0.6431860278800099,-5.448020132331898,71514.4863092415,1,,2.14555050392131,0.14646078689840197,5.046907232957981,0.163711813723514,0.9395388666854989,0.0150778670723666,2021-01-17
130 + 150 + 161 + 177,DE,0.099144757681343,0.197127937336814,,1.27831963895281,3.0541192380985804,1.18025964579626,1.0926774914025401,2.3384329262022403,0.8895946978141691,-0.1856421475502701,-0.7156863118963401,-0.29066494798209097,1,16.0,1.00790447976658,0.30580182376574894,2.3404833561101803,0.41249885409824605,0.901362418531467,0.0556918469360803,2021-06-06
194 + 219,DE,0.0176136363636363,0.0369529001968802,0.0800058719906048,1.27814605294659,20.6959346793899,181472.423299463,1.2656734716520401,7.828274696310481,8.16010527714919,-0.012472581294550087,-12.867659983079418,-181464.26319418586,1,42.0,0.645618996989532,0.14899791569341597,3.26933272095178,0.17599577343968698,0.496429208284266,0.0265552168292307,2021-12-05
215,DE,0.0200417225450752,0.0441628826717445,0.0870329155441021,1.03843401516922,2.34795397427672,0.208121589834821,1.3402351791489298,3.6143493794300596,0.35852441505792,0.30180116397971,1.2663954051533401,0.15040282522309895,1,27.0,1.9467823749773898,0.041153413382874,6.6887234763817505,0.0491783651911572,0.9942243929859291,0.00551597025940761,2022-01-09
268 + 322,DE,0.0180023759480946,0.0428645028335909,0.0730004732607666,1.3285830265627199,19.632468702616,45725.592826527805,1.3152049890530901,19.6663553414962,53501.437568528796,-0.013378037509630179,0.03388663888020105,7775.844742001004,1,5.0,1.29166222516406,0.0916711628704131,4.8105405744079,0.10572224918816801,1.00598469002286,0.0121030024349778,2022-05-08
346 + 433,DE,0.0204729968231556,0.0370583165756966,0.0628895184135977,1.61123162910702,4.58478730720154,0.376682458837168,1.37431979970725,3.1588604638514703,0.21461967057676898,-0.23691182939976985,-1.4259268433500702,-0.16206278826039902,1,16.0,2.8188976449909706,0.18006839780576603,8.38953574407904,0.202143251622287,0.968399726474402,0.00869866580729941,2023-01-01
54,FR,0.31097560975609695,0.33742331288343497,0.32834224598930395,6.11372934734295,67.3405733902117,17231.425294366698,4.32414212556676,53.6433312639182,62521.1487518858,-1.7895872217761903,-13.697242126293506,45289.72345751909,0,,3.38473851743908,0.771444226574315,2.11909048599516,0.5729742133739599,0.8291776269403709,0.0389199182643675,2021-01-10
221,FR,0.0133010882708585,0.0322543879644403,0.0604880284110436,1.28463580233195,4.21446574896751,0.40421771025372605,1.06894520489058,2.9402024869800196,0.216519477343586,-0.21569059744136987,-1.2742632619874898,-0.18769823291014,1,35.0,1.6039507124554597,0.0719285069172576,6.526695582950589,0.0905187452756646,1.02503074446305,0.0146397013394801,2022-01-16
263,FR,0.0258223178604365,0.0502377179080824,0.145125223613595,0.8808770747607539,2.92380613498831,0.552049937929192,0.8952929135869642,2.98555660157843,0.571887936473036,0.01441583882620989,0.06175046659011985,0.01983799854384405,1,5.0,1.68593307694198,0.10160979756769199,4.82622889866362,0.115033083133027,1.00482359582057,0.0107618228769055,2022-05-08
302,FR,0.253030693835439,0.34476190476190394,0.410360029390154,1.7938074136806899,24.709836301093603,165085.513330816,0.962443605211534,1.04205644673519,0.759491045939372,-0.8313638084691559,-23.66777985435841,-165084.75383977007,1,3.0,1.1292782149536003,0.468350914093664,1.28791163112519,0.45148645625362605,0.840560723424104,0.0491987363154406,2022-10-16
335 + 405,FR,0.0198991031390134,0.0240032546786004,0.0306946688206785,2.98477739831359,38.6029102927462,7205.903340270609,1.9191512681162302,27.830470361209002,23571.934256712997,-1.06562613019736,-10.772439931537203,16366.03091644239,1,16.0,2.1512976260954,0.123904336420937,8.3699145562243,0.142309721067376,0.981978101132009,0.00858861182697112,2022-12-25
431,FR,0.0141223940820443,0.0350194552529182,0.0542469664525339,1.31322832242537,2.93680599402513,0.170354376061471,1.5020528878756698,3.89962045328003,0.248919343468824,0.1888245654503,0.9628144592549002,0.078564967407353,1,42.0,2.21143745190903,0.0508419867143602,8.224005177721489,0.0680391361584411,0.9858991245745219,0.008651047649024121,2023-10-01
50,IT,0.248120300751879,0.19620253164556897,0.14923076923076903,12.9409918181065,117.248489733262,1725.52967870487,3.65311670431907,45.2966580647793,35675.9245834567,-9.287875113787429,-71.9518316684827,33950.394904751825,1,,3.5691836333131803,0.683740533434188,5.54645867793088,0.95241201389412,0.9780961107768421,0.10610967263810601,2021-01-03
169 + 190,IT,0.0116618075801749,0.144743276283618,0.311142857142857,0.727826026260145,1.93997454864853,0.6177598247967271,0.7035389484323779,1.8804662655400401,0.59813684105381,-0.024287077827767067,-0.0595082831084901,-0.019622983742916933,1,42.0,0.7137259080072451,0.32210078076119797,1.9180580112107302,0.384423281681519,0.610968884295021,0.0437832188832933,2021-12-12
196,IT,0.0366817155756207,0.0407761529808773,0.10021208907741198,0.727826026260145,1.93997454864853,0.6177598247967271,0.7035389484323779,1.8804662655400401,0.59813684105381,-0.024287077827767067,-0.0595082831084901,-0.019622983742916933,1,28.0,1.83841736733115,0.14711445547110502,5.62840148156002,0.173846450082387,0.9862707064338209,0.0205071885964186,2022-01-30
235 + 274 + 305,IT,0.9401114206128129,0.9379217273954108,0.912470023980815,1.31906595616655,1.42899521751832,0.9954558722964449,1.14928466868327,1.1128090279101899,0.891060692887131,-0.16978128748328006,-0.31618618960812994,-0.10439517940931407,1,5.0,1.3434387671421,0.0951654446594717,1.41318579840363,0.0906794233765318,0.9821437183792401,0.0070276970201709294,2022-11-20
295 + 371 + 416,IT,0.0369198312236286,0.0260736196319018,0.065891472868217,2.80895130170329,28.4436016108618,710.896941155497,2.3936546984562597,30.894999584345,10200.0827163637,-0.41529660324702977,2.4513979734832,9489.185775208205,1,16.0,2.4574497943983302,0.106049639662108,8.29535416127591,0.12048184355927302,0.945941264533887,0.0056758451822323894,2023-01-08
409,IT,0.0476190476190476,0.0482954545454545,0.0677290836653386,2.8545130360727797,36.7260558554115,14528.653037168899,2.04811158657657,29.288526022598,46070.3430567132,-0.8064014494962102,-7.437529832813502,31541.6900195443,1,42.0,1.8340308171345499,0.0691439578009084,6.37342147224368,0.0972811623000796,0.8783126229619481,0.0142058129109982,2023-10-29
47,SE,1.0,0.0683349374398459,0.117140396210163,,,,,,,,,,1,,4.35199850732021,2.35378235599626,5.16564005389767,3.0251950150999902,1.11523807110837,0.318842317886349,2021-01-10
98 + 118,SE,0.0158987670343932,0.010566762728146,0.0340364333652924,0.7636716056869159,11.8166101771155,14230.0309629972,0.5708974581079189,3.13439191365247,0.310992342418063,-0.19277414757899705,-8.68221826346303,-14229.719970654784,1,18.0,1.52142088685435,0.0717392046515393,6.197526062204171,0.0822456345097958,1.00795654986247,0.00627271666437087,2021-05-16
153,SE,0.0372953305033353,0.0562327959103421,0.13989169675090196,1.1645429084793202,3.57955237220977,0.6644170430403189,1.14790903958558,3.4835436116471405,0.633413638201134,-0.016633868893739967,-0.09600876056263008,-0.031003404839184963,1,33.0,1.99481277916671,0.100363975945012,5.20165343381196,0.112022718859686,0.991984149036891,0.00894886613694403,2021-12-26
219 + 271,SE,0.49498327759197297,0.679374389051808,0.7995049504950491,1.35397263934053,-0.0126505546933871,0.990390316147082,1.2301489423002199,-0.0861926324445232,0.956712145071667,-0.12382369704030992,-0.0735420777511361,-0.03367817107541493,1,5.0,1.4984065650809,0.0951818455536202,0.0259933404700953,0.0813994669622355,1.01819382796086,0.00848203902109386,2022-06-12
285 + 342,SE,0.162538699690402,0.171612903225806,0.214,6.2210069962366905,70.0233846711713,11972.21944049,4.43852513104983,55.98021102059071,42278.9308237456,-1.7824818651868597,-14.043173650580599,30306.7113832556,1,15.0,2.38236113827542,0.36616534366363795,5.993257110721401,1.44801816409256,1.34943025237068,0.7960036025518492,2023-01-29
50,SP,0.125984251968503,0.161137440758293,0.4360613810741679,0.641522290049796,0.989206367697168,0.442005956141777,0.5438867387165689,0.7166254890543291,0.367127285987423,-0.097635551333227,-0.27258087864283903,-0.07487867015435401,1,,3.97254529401243,0.563007619592151,6.440895916056429,0.666926195503315,0.9512579658595219,0.0542706291003374,2020-12-27
117 + 162,SP,0.147345612134344,0.23837209302325502,0.40792774711490204,1.47743557787302,2.86589850474742,1.12478233026854,1.2046713185679199,1.97649072978299,0.817508980235624,-0.27276425930509984,-0.88940777496443,-0.30727335003291606,1,16.0,1.6960565271708998,0.0965365297841596,2.7057911860919703,0.0978748162821815,1.00292443274646,0.0076052225126363405,2021-06-13
173 + 204,SP,0.0413020651032551,0.14467005076142098,0.31059960215970395,0.6566057798042939,1.5106727046817903,0.458368723227299,0.7478963808137641,1.6809345975880199,0.5015596491707299,0.09129060100946997,0.17026189290623006,0.04319092594343105,1,42.0,1.43703763818543,0.26298513808239804,2.7028936391963,0.34553632488060804,0.718934833404247,0.0910853132530451,2021-12-05
198,SP,0.0174501424501424,0.0395563770794824,0.0586510263929618,1.5147786504238798,21.5209934456006,25660.3605871107,1.21844752045604,3.5979896605952,0.320822862071987,-0.29633112996783995,-17.9230037850054,-25660.039764248628,1,27.0,1.77541030914554,0.10316800796135099,6.340922433120809,0.131220002005368,1.01460125608459,0.0196903718576009,2022-01-23
240 + 272 + 297,SP,0.135917566241413,0.282332563510392,0.353550295857988,1.5950657928015899,2.48209709945834,0.8833308474854329,1.72702385320833,2.9546580666435895,1.01952801562751,0.13195806040673985,0.4725609671852502,0.13619716814207694,1,4.0,1.6240678180837398,0.0915588651410083,2.80443713151328,0.0946322096040592,0.984492283758822,0.00625003538542679,2022-05-22
295 + 364 + 407,SP,0.0688360450563204,0.0807692307692307,,5.42854873308885,67.6187784741873,17470.1187124161,2.19304487448066,31.9313962582429,82036.5297175826,-3.2355038586081903,-35.6873822159444,64566.411005166505,1,,2.1217843193387402,0.143598600716024,6.23909293620222,0.152138778284017,0.9383647052024878,0.0073393051658441405,2023-01-08
406,SP,0.0961182994454713,0.179824561403508,0.21186440677965998,2.0584671294113703,27.2568477792485,52856.42648036231,1.38671138387835,2.4679560669144305,0.625884323508155,-0.6717557455330199,-24.78889171233407,-52855.800596038796,1,,1.88305112586537,0.650216381345327,3.0551200166585897,0.6714702656575771,0.7367377264368421,0.0643580015534402,2023-10-29
